Frame,Detected,Ground_Truth,Confidence,FPS
1,0,0,,0.626857195
2,0,0,,5.146802072
3,0,0,,18.92189981
4,0,0,,19.09035629
5,0,0,,20.04590054
6,0,0,,19.23595588
7,0,0,,18.74021616
8,0,0,,18.29775984
9,0,0,,19.67125035
10,0,0,,19.51774106
11,0,0,,18.53000636
12,0,0,,18.48044801
13,0,0,,19.64158807
14,0,0,,19.65852698
15,0,0,,20.34114783
16,0,0,,20.10142962
17,0,0,,18.87820972
18,0,0,,19.13520961
19,0,0,,21.5832986
20,0,0,,19.37528698
21,0,0,,20.57806735
22,0,0,,21.53266115
23,0,0,,20.53464542
24,0,0,,20.56011216
25,0,0,,20.25343448
26,0,0,,19.33981943
27,0,0,,19.8798197
28,0,0,,20.25108756
29,0,0,,21.11191423
30,0,0,,20.68074867
31,0,0,,20.79393975
32,0,0,,21.03968859
33,0,0,,20.72642997
34,0,0,,21.50065102
35,0,0,,21.17736398
36,0,0,,20.70535269
37,0,0,,19.3945492
38,0,0,,19.67549514
39,0,0,,18.99542585
40,0,0,,19.08783682
41,0,0,,19.12465232
42,0,0,,20.17976685
43,0,0,,21.1588819
44,0,0,,20.60779246
45,0,0,,20.3279375
46,0,0,,20.53534918
47,0,0,,20.60070727
48,0,0,,20.85784475
49,0,0,,20.51154852
50,0,0,,21.93352438
51,0,0,,20.22004213
52,0,0,,20.39664068
53,0,0,,21.23225206
54,0,0,,20.40289142
55,0,0,,21.62625487
56,0,0,,21.79425305
57,0,0,,21.85580591
58,0,0,,21.06981067
59,0,0,,22.12512396
60,0,0,,20.06248864
61,0,0,,19.67309568
62,0,0,,20.79816728
63,0,0,,20.37909958
64,0,0,,20.39267395
65,0,0,,19.58582302
66,0,0,,20.21750804
67,0,0,,22.45152449
68,0,0,,20.75648284
69,0,0,,20.42494838
70,0,0,,20.1417794
71,0,0,,20.32567178
72,0,0,,21.91438648
73,0,0,,20.27771788
74,0,0,,20.23828687
75,0,0,,20.9280942
76,0,0,,20.25274991
77,0,0,,20.69615762
78,0,0,,20.18792567
79,0,0,,21.19855654
80,0,0,,19.95026589
81,0,0,,20.02790524
82,0,0,,21.50340677
83,0,0,,21.23999352
84,0,0,,19.96156464
85,0,0,,20.14274669
86,0,0,,21.54161895
87,0,0,,21.0614524
88,1,1,0.331558168,20.38226861
89,1,1,0.67004168,19.32912431
90,1,1,0.820315778,21.57508295
91,1,1,0.875602782,21.2047725
92,1,1,0.873424411,21.46554962
93,1,1,0.876462638,20.24571125
94,1,1,0.854641855,21.87198982
95,1,1,0.895508587,20.33109064
96,1,1,0.894103825,21.24935532
97,1,1,0.891810417,21.99979019
98,1,1,0.86093086,20.83132518
99,1,1,0.868472695,20.9009792
100,1,1,0.858640432,20.27183753
101,1,1,0.880666137,21.41524385
102,1,1,0.876145542,12.15384482
103,1,1,0.86394316,16.86226929
104,1,1,0.85236609,19.70294583
105,1,1,0.85881871,20.64979618
106,1,1,0.847744584,21.3766067
107,1,1,0.881692529,22.32758593
108,1,1,0.900525451,19.4175347
109,1,1,0.901112258,20.6259325
110,1,1,0.874165714,22.00556133
111,1,1,0.870605409,20.94994156
112,1,1,0.860834479,20.52961993
113,1,1,0.871445537,22.0300646
114,1,1,0.88158828,20.54842787
115,1,1,0.88103801,22.35769723
116,1,1,0.866940856,20.76480635
117,1,1,0.867958784,20.99051642
118,1,1,0.868971646,22.03573586
119,1,1,0.841742396,20.35546194
120,1,1,0.842296362,20.56938846
121,1,1,0.860806346,20.65233811
122,1,1,0.846693993,21.18378149
123,1,1,0.835616112,21.07023405
124,1,1,0.849438369,20.22247936
125,1,1,0.804633915,21.13542522
126,1,1,0.852320671,22.25260232
127,1,1,0.800791979,21.06356779
128,1,1,0.836392939,21.81023249
129,1,1,0.824480355,20.57170884
130,1,1,0.806963921,21.56709534
131,1,1,0.824469507,22.28381379
132,1,1,0.838790596,23.20538653
133,1,1,0.84550041,21.99125447
134,1,1,0.846841633,21.24494241
135,1,1,0.844020486,22.90555012
136,1,1,0.829476178,21.52470492
137,1,1,0.783259332,21.49437056
138,1,1,0.766948402,20.88474389
139,1,1,0.819099367,21.4747815
140,1,1,0.819397628,21.64768546
141,1,1,0.809096336,20.68972593
142,1,1,0.814886332,20.92506635
143,1,1,0.798743606,22.08911897
144,1,1,0.781247556,20.58089462
145,1,1,0.844831049,20.4935089
146,1,1,0.82354176,22.02370238
147,1,1,0.875448585,20.47180328
148,1,1,0.900179863,21.41152688
149,1,1,0.885262907,21.45138754
150,1,1,0.885442019,20.55779439
151,1,1,0.884681463,22.04870971
152,1,1,0.888983727,21.99160038
153,1,1,0.893750489,14.11102289
154,1,1,0.828001559,18.76898018
155,1,1,0.843306601,20.21146776
156,1,1,0.872220993,20.71926297
157,1,1,0.757456779,21.42760661
158,1,1,0.563090801,21.39481644
159,1,1,0.507688999,21.17982356
160,1,1,0.614182949,20.78445986
161,1,1,0.707686067,21.40224008
162,1,1,0.693030953,20.95643137
163,1,1,0.71464783,20.88495187
164,1,1,0.795516014,20.38038688
165,1,1,0.78235966,22.00556133
166,1,1,0.773333073,22.02000241
167,1,1,0.848656058,21.72212814
168,1,1,0.852042139,22.54917288
169,1,1,0.857525885,20.7524776
170,1,1,0.835921526,20.76521756
171,1,1,0.711040556,21.65070254
172,1,1,0.811457872,21.50781743
173,1,1,0.813642383,20.67972902
174,1,1,0.765633166,20.7328845
175,1,1,0.658674538,22.56203033
176,1,1,0.647497237,22.06123469
177,1,1,0.747683227,20.82636027
178,1,1,0.736268222,20.22628262
179,1,1,0.686945558,22.14509955
180,1,1,0.681810319,22.18504179
181,1,1,0.746255815,20.07506785
182,1,1,0.763018668,20.8804811
183,1,1,0.703343868,20.97372224
184,1,1,0.74473685,21.0391609
185,1,1,0.799844801,21.03852771
186,1,1,0.84375304,22.65073202
187,1,1,0.829713643,21.39252489
188,1,1,0.818116486,20.63415162
189,1,1,0.792750478,22.26807889
190,1,1,0.779543459,22.42056085
191,1,1,0.791205704,23.12287201
192,1,1,0.7053442,21.4828109
193,1,1,0.694661736,22.27623934
194,1,1,0.708458483,22.77977884
195,1,1,0.824574232,21.09354616
196,1,1,0.826169491,22.47739294
197,1,1,0.844116092,20.91066995
198,1,1,0.88097918,22.3704565
199,1,1,0.865700483,22.79649327
200,1,1,0.8769961,21.42848239
201,1,1,0.879868746,22.7758205
202,1,1,0.823485851,20.93248092
203,1,1,0.795642018,20.42375489
204,1,1,0.304333448,20.50412839
205,1,1,0.254076391,20.18598249
206,1,1,0.333697498,19.88632334
207,1,1,0.396435708,20.0191108
208,1,1,0.397826135,19.71674627
209,0,1,,20.68319624
210,0,1,,20.14913313
211,0,1,,20.46311393
212,0,1,,20.98432044
213,0,1,,20.79971436
214,1,1,0.445114195,20.79672354
215,0,1,,22.37785638
216,1,1,0.294538945,20.76336724
217,0,1,,22.16393997
218,0,1,,14.26624309
219,0,1,,17.49179063
220,0,1,,20.28124773
221,0,1,,22.08702521
222,0,1,,20.98526535
223,1,1,0.345500886,21.43921651
224,1,1,0.492267579,19.01144049
225,1,1,0.578869283,20.20484708
226,1,1,0.446378887,19.21410215
227,1,1,0.489297032,19.25883206
228,1,1,0.489502549,20.23408864
229,1,1,0.751502693,20.7123055
230,1,1,0.712056279,21.84851958
231,1,1,0.807041049,22.48510483
232,1,1,0.84133929,21.02292104
233,1,1,0.819388747,20.49070559
234,1,1,0.836197615,20.6473565
235,1,1,0.852955401,20.86500415
236,1,1,0.873723507,21.16443381
237,1,1,0.859549105,20.87403824
238,1,1,0.860090911,22.66725754
239,1,1,0.861705899,20.98652537
240,1,1,0.861727417,21.1703092
241,1,1,0.870107651,22.13913815
242,1,1,0.872926593,20.6605783
243,1,1,0.884206712,20.32074804
244,1,1,0.876878381,20.53313751
245,1,1,0.88268888,21.13606426
246,1,1,0.881749451,21.02365867
247,1,1,0.894902468,20.42902718
248,1,1,0.866265476,21.06356779
249,1,1,0.853828847,21.05405188
250,1,1,0.816222966,20.65457554
251,1,1,0.719248533,22.3659235
252,1,1,0.750174522,22.40906128
253,1,1,0.70894891,21.99413742
254,1,1,0.38661769,21.01028397
255,1,1,0.395862877,20.85929698
256,1,1,0.513554037,22.23078269
257,0,1,,21.22097253
258,0,1,,22.28180133
259,1,1,0.304204345,20.50743671
260,1,1,0.465102166,21.54538123
261,1,1,0.403559715,21.24300561
262,0,1,,21.44941292
263,0,1,,20.85297086
264,0,1,,20.54651533
265,0,1,,15.44027359
266,0,1,,16.42885848
267,0,1,,22.76704283
268,0,1,,22.1285091
269,0,1,,21.84567467
270,1,1,0.720601559,22.0536948
271,1,1,0.790262818,20.37702043
272,1,1,0.782208562,20.83825933
273,1,1,0.77704668,20.51104699
274,1,1,0.62832737,21.29326118
275,1,1,0.758708835,21.00260385
276,1,1,0.746952593,22.5789128
277,1,1,0.848479509,21.61499851
278,1,1,0.838496983,22.62214479
279,1,1,0.834645748,22.66456284
280,1,1,0.787455618,20.61376806
281,1,1,0.872200489,22.75753104
282,1,1,0.85673672,22.5630013
283,1,1,0.843829632,21.00891587
284,1,1,0.838523209,22.1276919
285,1,1,0.861701131,20.69625975
286,1,1,0.865560055,20.7888896
287,1,1,0.860869646,20.43012177
288,1,1,0.846225083,20.61893619
289,1,1,0.813803613,21.10989536
290,1,1,0.79861325,22.61336324
291,1,1,0.790670216,21.90191328
292,1,1,0.815835655,21.36952745
293,1,1,0.826487839,22.74198341
294,1,1,0.806553721,21.21056305
295,1,1,0.789108992,20.73216713
296,1,1,0.781026542,22.56907174
297,1,1,0.82435441,20.86490036
298,1,1,0.763513207,22.39219266
299,1,1,0.826128006,21.0730923
300,1,1,0.795410395,21.14704044
301,1,1,0.859991848,21.28893807
302,1,1,0.849172652,19.86531967
303,1,1,0.822808564,19.61889527
304,1,1,0.836349308,19.06146582
305,1,1,0.835257888,20.92558833
306,1,1,0.801709592,21.6332821
307,1,1,0.798857093,22.42859358
308,1,1,0.822336614,20.41351653
309,1,1,0.819586813,20.97907247
310,1,1,0.819331467,22.25909749
311,1,1,0.811770022,21.1203126
312,1,1,0.810436428,20.46551026